{"cameraMode":{"drawMode":0,"name":"Shaded","section":"Shading Mode"},"sceneLighting":true,"audioPlay":false,"sceneViewState":{"m_AlwaysRefresh":false,"showFog":true,"showSkybox":true,"showFlares":true,"showImageEffects":true,"showParticleSystems":true,"showVisualEffectGraphs":true,"m_FxEnabled":true},"in2DMode":false,"pivot":{"x":297.0295104980469,"y":-16.175212860107423,"z":-218.1525115966797},"rotation":{"x":-0.01060977578163147,"y":-0.8961541652679443,"z":0.021516406908631326,"w":-0.4428432285785675},"size":185.87493896484376,"orthographic":false}